<?xml version="1.0" encoding="utf-8" ?>
<dwsync>
<file name="header.php" server="D:/xampp/htdocs/codeego_madani/" local="132216646523570260" remote="132216646520000000" />
<file name="navbar.php" server="D:/xampp/htdocs/codeego_madani/" local="132216674202630464" remote="132216674200000000" />
<file name="footer.php" server="D:/xampp/htdocs/codeego_madani/" local="132216647085943192" remote="132216647080000000" />
<file name="header.php" server="D:/xampp/htdocs/new_dms/" local="132217057287575196" remote="132217057280000000" />
<file name="navbar.php" server="D:/xampp/htdocs/new_dms/" local="132253637768837562" remote="132253637760000000" />
<file name="footer.php" server="D:/xampp/htdocs/new_dms/" local="132217058005538675" remote="132217058000000000" />
<file name="header.php" server="D:/xampp/htdocs/icossit/" local="132217057287575196" remote="132217057280000000" />
<file name="navbar.php" server="D:/xampp/htdocs/icossit/" local="132253637768837562" remote="132253637760000000" />
<file name="footer.php" server="D:/xampp/htdocs/icossit/" local="132217058005538675" remote="132217058000000000" />
<file name="header.php" server="D:/xampp/htdocs/bukutamu/" local="132217057287575196" remote="132217057280000000" />
<file name="navbar.php" server="D:/xampp/htdocs/bukutamu/" local="132253637768837562" remote="132253637760000000" />
<file name="footer.php" server="D:/xampp/htdocs/bukutamu/" local="132217058005538675" remote="132217058000000000" />
</dwsync>